/* BEGIN EMPLOYEE INSERTIONS ********************************* */

INSERT INTO "PROJECT"."EMPLOYEE" 
	("ID", "FIRSTNAME", "LASTNAME", "PERCENTFULLTIME",
		"ACCUMVACATION", "ACCUMFLEXTIME")
	values(null, 'Troy', 'Neukomm', 100, 25, 24);
INSERT INTO "PROJECT"."EMPLOYEE" 
	("ID", "FIRSTNAME", "LASTNAME", "PERCENTFULLTIME",
		"ACCUMVACATION", "ACCUMFLEXTIME")
	values(null, 'Homer', 'Simpson', 100, 25, 24);
INSERT INTO "PROJECT"."EMPLOYEE" 
	("ID", "FIRSTNAME", "LASTNAME", "PERCENTFULLTIME",
		"ACCUMVACATION", "ACCUMFLEXTIME")
	values(null, 'Marge', 'Simpson', 100, 25, 24);
INSERT INTO "PROJECT"."EMPLOYEE" 
	("ID", "FIRSTNAME", "LASTNAME", "PERCENTFULLTIME",
		"ACCUMVACATION", "ACCUMFLEXTIME")
	values(null, 'Lisa', 'Simpson', 100, 25, 24);
INSERT INTO "PROJECT"."EMPLOYEE" 
	("ID", "FIRSTNAME", "LASTNAME", "PERCENTFULLTIME",
		"ACCUMVACATION", "ACCUMFLEXTIME")
	values(null, 'Bart', 'Simpson', 100, 25, 24);
INSERT INTO "PROJECT"."EMPLOYEE" 
	("ID", "FIRSTNAME", "LASTNAME", "PERCENTFULLTIME",
		"ACCUMVACATION", "ACCUMFLEXTIME")
	values(null, 'Fred', 'Flinstone', 100, 25, 24);
INSERT INTO "PROJECT"."EMPLOYEE" 
	("ID", "FIRSTNAME", "LASTNAME", "PERCENTFULLTIME",
		"ACCUMVACATION", "ACCUMFLEXTIME")
	values(null, 'Wilma', 'Flinstone', 100, 25, 24);
INSERT INTO "PROJECT"."EMPLOYEE" 
	("ID", "FIRSTNAME", "LASTNAME", "PERCENTFULLTIME",
		"ACCUMVACATION", "ACCUMFLEXTIME")
	values(null, 'Barney', 'Rubble', 100, 25, 24);
INSERT INTO "PROJECT"."EMPLOYEE" 
	("ID", "FIRSTNAME", "LASTNAME", "PERCENTFULLTIME",
		"ACCUMVACATION", "ACCUMFLEXTIME")
	values(null, 'Betty', 'Rubble', 100, 25, 24);
INSERT INTO "PROJECT"."EMPLOYEE" 
	("ID", "FIRSTNAME", "LASTNAME", "PERCENTFULLTIME",
		"ACCUMVACATION", "ACCUMFLEXTIME")
	values(null, 'George', 'Jetsons', 100, 25, 24);
INSERT INTO "PROJECT"."EMPLOYEE" 
	("ID", "FIRSTNAME", "LASTNAME", "PERCENTFULLTIME",
		"ACCUMVACATION", "ACCUMFLEXTIME")
	values(null, 'Jane', 'Jetsons', 100, 25, 24);
INSERT INTO "PROJECT"."EMPLOYEE" 
	("ID", "FIRSTNAME", "LASTNAME", "PERCENTFULLTIME",
		"ACCUMVACATION", "ACCUMFLEXTIME")
	values(null, 'Judy', 'Jetsons', 100, 25, 24);
INSERT INTO "PROJECT"."EMPLOYEE" 
	("ID", "FIRSTNAME", "LASTNAME", "PERCENTFULLTIME",
		"ACCUMVACATION", "ACCUMFLEXTIME")
	values(null, 'Elroy', 'Jetsons', 100, 25, 24);

/* BEGIN EMPLOYEESUPERVISOR INSERTIONS ********************************* */

INSERT INTO "PROJECT"."EMPLOYEESUPERVISOR" 
	("EMPID", "SUPERVISORID")
	values(100, 105);
INSERT INTO "PROJECT"."EMPLOYEESUPERVISOR" 
	("EMPID", "SUPERVISORID")
	values(101, 103);
INSERT INTO "PROJECT"."EMPLOYEESUPERVISOR" 
	("EMPID", "SUPERVISORID")
	values(102, 106);
INSERT INTO "PROJECT"."EMPLOYEESUPERVISOR" 
	("EMPID", "SUPERVISORID")
	values(103, 108);
INSERT INTO "PROJECT"."EMPLOYEESUPERVISOR" 
	("EMPID", "SUPERVISORID")
	values(104, 110);
INSERT INTO "PROJECT"."EMPLOYEESUPERVISOR" 
	("EMPID", "SUPERVISORID")
	values(105, 102);
INSERT INTO "PROJECT"."EMPLOYEESUPERVISOR" 
	("EMPID", "SUPERVISORID")
	values(106, 104);
INSERT INTO "PROJECT"."EMPLOYEESUPERVISOR" 
	("EMPID", "SUPERVISORID")
	values(107, 100);
INSERT INTO "PROJECT"."EMPLOYEESUPERVISOR" 
	("EMPID", "SUPERVISORID")
	values(108, 109);
INSERT INTO "PROJECT"."EMPLOYEESUPERVISOR" 
	("EMPID", "SUPERVISORID")
	values(109, 100);
INSERT INTO "PROJECT"."EMPLOYEESUPERVISOR" 
	("EMPID", "SUPERVISORID")
	values(110, 103);
INSERT INTO "PROJECT"."EMPLOYEESUPERVISOR" 
	("EMPID", "SUPERVISORID")
	values(111, 106);
INSERT INTO "PROJECT"."EMPLOYEESUPERVISOR" 
	("EMPID", "SUPERVISORID")
	values(112, 108);



/* BEGIN TIMESHEETAPPROVER INSERTIONS *************************************** */

INSERT INTO "PROJECT"."TIMESHEETAPPROVER" 
	("EMPID", "APPROVERID")
	values(101, 100);
INSERT INTO "PROJECT"."TIMESHEETAPPROVER" 
	("EMPID", "APPROVERID")
	values(102, 103);
INSERT INTO "PROJECT"."TIMESHEETAPPROVER" 
	("EMPID", "APPROVERID")
	values(103, 104);
INSERT INTO "PROJECT"."TIMESHEETAPPROVER" 
	("EMPID", "APPROVERID")
	values(104, 105);
INSERT INTO "PROJECT"."TIMESHEETAPPROVER" 
	("EMPID", "APPROVERID")
	values(105, 106);
INSERT INTO "PROJECT"."TIMESHEETAPPROVER" 
	("EMPID", "APPROVERID")
	values(106, 107);
INSERT INTO "PROJECT"."TIMESHEETAPPROVER" 
	("EMPID", "APPROVERID")
	values(107, 108);
INSERT INTO "PROJECT"."TIMESHEETAPPROVER" 
	("EMPID", "APPROVERID")
	values(108, 109);
INSERT INTO "PROJECT"."TIMESHEETAPPROVER" 
	("EMPID", "APPROVERID")
	values(109, 110);
INSERT INTO "PROJECT"."TIMESHEETAPPROVER" 
	("EMPID", "APPROVERID")
	values(110, 111);
INSERT INTO "PROJECT"."TIMESHEETAPPROVER" 
	("EMPID", "APPROVERID")
	values(111, 112);
INSERT INTO "PROJECT"."TIMESHEETAPPROVER" 
	("EMPID", "APPROVERID")
	values(112, 110);

/* BEGIN LABOURCHARGERATE INSERTIONS ********************************* */

INSERT INTO "PROJECT"."LABOURCHARGERATE" 
	("ID", "RATECLASSID", "EFFECTIVEDATE", "RATE")
	values(null, 'P1', '05-JAN-2009', 90 );
INSERT INTO "PROJECT"."LABOURCHARGERATE" 
	("ID", "RATECLASSID", "EFFECTIVEDATE", "RATE")
	values(null, 'P2', '05-JAN-2009', 95 );
INSERT INTO "PROJECT"."LABOURCHARGERATE" 
	("ID", "RATECLASSID", "EFFECTIVEDATE", "RATE")
	values(null, 'P3', '05-JAN-2009', 100 );
INSERT INTO "PROJECT"."LABOURCHARGERATE" 
	("ID", "RATECLASSID", "EFFECTIVEDATE", "RATE")
	values(null, 'P4', '05-JAN-2009', 105 );
INSERT INTO "PROJECT"."LABOURCHARGERATE" 
	("ID", "RATECLASSID", "EFFECTIVEDATE", "RATE")
	values(null, 'P5', '05-JAN-2009', 110 );
INSERT INTO "PROJECT"."LABOURCHARGERATE" 
	("ID", "RATECLASSID", "EFFECTIVEDATE", "RATE")
	values(null, 'P6', '05-JAN-2009', 115 );
INSERT INTO "PROJECT"."LABOURCHARGERATE" 
	("ID", "RATECLASSID", "EFFECTIVEDATE", "RATE")
	values(null, 'DS', '05-JAN-2009', 95 );
INSERT INTO "PROJECT"."LABOURCHARGERATE" 
	("ID", "RATECLASSID", "EFFECTIVEDATE", "RATE")
	values(null, 'SS', '05-JAN-2009', 110 );

INSERT INTO "PROJECT"."LABOURCHARGERATE" 
	("ID", "RATECLASSID", "EFFECTIVEDATE", "RATE")
	values(null, 'P1', '06-JUL-2009', 92 );
INSERT INTO "PROJECT"."LABOURCHARGERATE" 
	("ID", "RATECLASSID", "EFFECTIVEDATE", "RATE")
	values(null, 'P2', '06-JUL-2009', 97 );
INSERT INTO "PROJECT"."LABOURCHARGERATE" 
	("ID", "RATECLASSID", "EFFECTIVEDATE", "RATE")
	values(null, 'P3', '06-JUL-2009', 102 );
INSERT INTO "PROJECT"."LABOURCHARGERATE" 
	("ID", "RATECLASSID", "EFFECTIVEDATE", "RATE")
	values(null, 'P4', '06-JUL-2009', 107 );
INSERT INTO "PROJECT"."LABOURCHARGERATE" 
	("ID", "RATECLASSID", "EFFECTIVEDATE", "RATE")
	values(null, 'P5', '06-JUL-2009', 112 );
INSERT INTO "PROJECT"."LABOURCHARGERATE" 
	("ID", "RATECLASSID", "EFFECTIVEDATE", "RATE")
	values(null, 'P6', '06-JUL-2009', 117 );
INSERT INTO "PROJECT"."LABOURCHARGERATE" 
	("ID", "RATECLASSID", "EFFECTIVEDATE", "RATE")
	values(null, 'DS', '06-JUL-2009', 97 );
INSERT INTO "PROJECT"."LABOURCHARGERATE" 
	("ID", "RATECLASSID", "EFFECTIVEDATE", "RATE")
	values(null, 'SS', '06-JUL-2009', 112 );

INSERT INTO "PROJECT"."LABOURCHARGERATE" 
	("ID", "RATECLASSID", "EFFECTIVEDATE", "RATE")
	values(null, 'P1', '04-JAN-2010', 95 );
INSERT INTO "PROJECT"."LABOURCHARGERATE" 
	("ID", "RATECLASSID", "EFFECTIVEDATE", "RATE")
	values(null, 'P2', '04-JAN-2010', 100 );
INSERT INTO "PROJECT"."LABOURCHARGERATE" 
	("ID", "RATECLASSID", "EFFECTIVEDATE", "RATE")
	values(null, 'P3', '04-JAN-2010', 105 );
INSERT INTO "PROJECT"."LABOURCHARGERATE" 
	("ID", "RATECLASSID", "EFFECTIVEDATE", "RATE")
	values(null, 'P4', '04-JAN-2010', 110 );
INSERT INTO "PROJECT"."LABOURCHARGERATE" 
	("ID", "RATECLASSID", "EFFECTIVEDATE", "RATE")
	values(null, 'P5', '04-JAN-2010', 115 );
INSERT INTO "PROJECT"."LABOURCHARGERATE" 
	("ID", "RATECLASSID", "EFFECTIVEDATE", "RATE")
	values(null, 'P6', '04-JAN-2010', 120 );
INSERT INTO "PROJECT"."LABOURCHARGERATE" 
	("ID", "RATECLASSID", "EFFECTIVEDATE", "RATE")
	values(null, 'DS', '04-JAN-2010', 100 );
INSERT INTO "PROJECT"."LABOURCHARGERATE" 
	("ID", "RATECLASSID", "EFFECTIVEDATE", "RATE")
	values(null, 'SS', '04-JAN-2010', 115 );

INSERT INTO "PROJECT"."LABOURCHARGERATE" 
	("ID", "RATECLASSID", "EFFECTIVEDATE", "RATE")
	values(null, 'P1', '05-JUL-2010', 97 );
INSERT INTO "PROJECT"."LABOURCHARGERATE" 
	("ID", "RATECLASSID", "EFFECTIVEDATE", "RATE")
	values(null, 'P2', '05-JUL-2010', 102 );
INSERT INTO "PROJECT"."LABOURCHARGERATE" 
	("ID", "RATECLASSID", "EFFECTIVEDATE", "RATE")
	values(null, 'P3', '05-JUL-2010', 107 );
INSERT INTO "PROJECT"."LABOURCHARGERATE" 
	("ID", "RATECLASSID", "EFFECTIVEDATE", "RATE")
	values(null, 'P4', '05-JUL-2010', 112 );
INSERT INTO "PROJECT"."LABOURCHARGERATE" 
	("ID", "RATECLASSID", "EFFECTIVEDATE", "RATE")
	values(null, 'P5', '05-JUL-2010', 117 );
INSERT INTO "PROJECT"."LABOURCHARGERATE" 
	("ID", "RATECLASSID", "EFFECTIVEDATE", "RATE")
	values(null, 'P6', '05-JUL-2010', 122 );
INSERT INTO "PROJECT"."LABOURCHARGERATE" 
	("ID", "RATECLASSID", "EFFECTIVEDATE", "RATE")
	values(null, 'DS', '05-JUL-2010', 102 );
INSERT INTO "PROJECT"."LABOURCHARGERATE" 
	("ID", "RATECLASSID", "EFFECTIVEDATE", "RATE")
	values(null, 'SS', '05-JUL-2010', 117 );

INSERT INTO "PROJECT"."LABOURCHARGERATE" 
	("ID", "RATECLASSID", "EFFECTIVEDATE", "RATE")
	values(null, 'P1', '03-JAN-2011', 100 );
INSERT INTO "PROJECT"."LABOURCHARGERATE" 
	("ID", "RATECLASSID", "EFFECTIVEDATE", "RATE")
	values(null, 'P2', '03-JAN-2011', 105 );
INSERT INTO "PROJECT"."LABOURCHARGERATE" 
	("ID", "RATECLASSID", "EFFECTIVEDATE", "RATE")
	values(null, 'P3', '03-JAN-2011', 110 );
INSERT INTO "PROJECT"."LABOURCHARGERATE" 
	("ID", "RATECLASSID", "EFFECTIVEDATE", "RATE")
	values(null, 'P4', '03-JAN-2011', 115 );
INSERT INTO "PROJECT"."LABOURCHARGERATE" 
	("ID", "RATECLASSID", "EFFECTIVEDATE", "RATE")
	values(null, 'P5', '03-JAN-2011', 120 );
INSERT INTO "PROJECT"."LABOURCHARGERATE" 
	("ID", "RATECLASSID", "EFFECTIVEDATE", "RATE")
	values(null, 'P6', '03-JAN-2011', 125 );
INSERT INTO "PROJECT"."LABOURCHARGERATE" 
	("ID", "RATECLASSID", "EFFECTIVEDATE", "RATE")
	values(null, 'DS', '03-JAN-2011', 105 );
INSERT INTO "PROJECT"."LABOURCHARGERATE" 
	("ID", "RATECLASSID", "EFFECTIVEDATE", "RATE")
	values(null, 'SS', '03-JAN-2011', 120 );

/* BEGIN TIMESHEETWEEK INSERTIONS ********************************* */
/* these insertions only cover weeks required for the employeelabourchargerate table */

INSERT INTO "PROJECT"."TIMESHEETWEEK" 
	("ID", "WEEKNUM", "WEEKEND")
	values(null, 1, '5-JAN-2009');

INSERT INTO "PROJECT"."TIMESHEETWEEK" 
	("ID", "WEEKNUM", "WEEKEND")
	values(null, 52, '3-JAN-2010');

INSERT INTO "PROJECT"."TIMESHEETWEEK" 
	("ID", "WEEKNUM", "WEEKEND")
	values(null, 1, '4-JAN-2010');

INSERT INTO "PROJECT"."TIMESHEETWEEK" 
	("ID", "WEEKNUM", "WEEKEND")
	values(null, 52, '2-JAN-2011');

INSERT INTO "PROJECT"."TIMESHEETWEEK" 
	("ID", "WEEKNUM", "WEEKEND")
	values(null, 1, '3-JAN-2011');

INSERT INTO "PROJECT"."TIMESHEETWEEK" 
	("ID", "WEEKNUM", "WEEKEND")
	values(null, 52, '1-JAN-2012');

/* BEGIN EMPLOYEELABOURCHARGERATE INSERTIONS ********************************* */

INSERT INTO "PROJECT"."EMPLOYEELABOURCHARGERATE" 
	("EMPID", "LABOURCHARGERATEID", "STARTCHGRATETSWEEKID", "ENDCHGRATETSWEEKID")
	values(100, 1, 1, 2);
INSERT INTO "PROJECT"."EMPLOYEELABOURCHARGERATE" 
	("EMPID", "LABOURCHARGERATEID", "STARTCHGRATETSWEEKID", "ENDCHGRATETSWEEKID")
	values(101, 1, 1, 2);
INSERT INTO "PROJECT"."EMPLOYEELABOURCHARGERATE" 
	("EMPID", "LABOURCHARGERATEID", "STARTCHGRATETSWEEKID", "ENDCHGRATETSWEEKID")
	values(102, 2, 1, 2);
INSERT INTO "PROJECT"."EMPLOYEELABOURCHARGERATE" 
	("EMPID", "LABOURCHARGERATEID", "STARTCHGRATETSWEEKID", "ENDCHGRATETSWEEKID")
	values(103, 2, 1, 2);
INSERT INTO "PROJECT"."EMPLOYEELABOURCHARGERATE" 
	("EMPID", "LABOURCHARGERATEID", "STARTCHGRATETSWEEKID", "ENDCHGRATETSWEEKID")
	values(104, 3, 1, 2);
INSERT INTO "PROJECT"."EMPLOYEELABOURCHARGERATE" 
	("EMPID", "LABOURCHARGERATEID", "STARTCHGRATETSWEEKID", "ENDCHGRATETSWEEKID")
	values(105, 3, 1, 2);
INSERT INTO "PROJECT"."EMPLOYEELABOURCHARGERATE" 
	("EMPID", "LABOURCHARGERATEID", "STARTCHGRATETSWEEKID", "ENDCHGRATETSWEEKID")
	values(106, 4, 1, 2);
INSERT INTO "PROJECT"."EMPLOYEELABOURCHARGERATE" 
	("EMPID", "LABOURCHARGERATEID", "STARTCHGRATETSWEEKID", "ENDCHGRATETSWEEKID")
	values(107, 4, 1, 2);
INSERT INTO "PROJECT"."EMPLOYEELABOURCHARGERATE" 
	("EMPID", "LABOURCHARGERATEID", "STARTCHGRATETSWEEKID", "ENDCHGRATETSWEEKID")
	values(108, 5, 1, 2);
INSERT INTO "PROJECT"."EMPLOYEELABOURCHARGERATE" 
	("EMPID", "LABOURCHARGERATEID", "STARTCHGRATETSWEEKID", "ENDCHGRATETSWEEKID")
	values(109, 5, 1, 2);
INSERT INTO "PROJECT"."EMPLOYEELABOURCHARGERATE" 
	("EMPID", "LABOURCHARGERATEID", "STARTCHGRATETSWEEKID", "ENDCHGRATETSWEEKID")
	values(110, 6, 1, 2);
INSERT INTO "PROJECT"."EMPLOYEELABOURCHARGERATE" 
	("EMPID", "LABOURCHARGERATEID", "STARTCHGRATETSWEEKID", "ENDCHGRATETSWEEKID")
	values(111, 6, 1, 2);
INSERT INTO "PROJECT"."EMPLOYEELABOURCHARGERATE" 
	("EMPID", "LABOURCHARGERATEID", "STARTCHGRATETSWEEKID", "ENDCHGRATETSWEEKID")
	values(112, 7, 1, 2);

INSERT INTO "PROJECT"."EMPLOYEELABOURCHARGERATE" 
	("EMPID", "LABOURCHARGERATEID", "STARTCHGRATETSWEEKID", "ENDCHGRATETSWEEKID")
	values(100, 9, 3, 4);
INSERT INTO "PROJECT"."EMPLOYEELABOURCHARGERATE" 
	("EMPID", "LABOURCHARGERATEID", "STARTCHGRATETSWEEKID", "ENDCHGRATETSWEEKID")
	values(101, 9, 3, 4);
INSERT INTO "PROJECT"."EMPLOYEELABOURCHARGERATE" 
	("EMPID", "LABOURCHARGERATEID", "STARTCHGRATETSWEEKID", "ENDCHGRATETSWEEKID")
	values(102, 10, 3, 4);
INSERT INTO "PROJECT"."EMPLOYEELABOURCHARGERATE" 
	("EMPID", "LABOURCHARGERATEID", "STARTCHGRATETSWEEKID", "ENDCHGRATETSWEEKID")
	values(103, 10, 3, 4);
INSERT INTO "PROJECT"."EMPLOYEELABOURCHARGERATE" 
	("EMPID", "LABOURCHARGERATEID", "STARTCHGRATETSWEEKID", "ENDCHGRATETSWEEKID")
	values(104, 11, 3, 4);
INSERT INTO "PROJECT"."EMPLOYEELABOURCHARGERATE" 
	("EMPID", "LABOURCHARGERATEID", "STARTCHGRATETSWEEKID", "ENDCHGRATETSWEEKID")
	values(105, 11, 3, 4);
INSERT INTO "PROJECT"."EMPLOYEELABOURCHARGERATE" 
	("EMPID", "LABOURCHARGERATEID", "STARTCHGRATETSWEEKID", "ENDCHGRATETSWEEKID")
	values(106, 12, 3, 4);
INSERT INTO "PROJECT"."EMPLOYEELABOURCHARGERATE" 
	("EMPID", "LABOURCHARGERATEID", "STARTCHGRATETSWEEKID", "ENDCHGRATETSWEEKID")
	values(107, 12, 3, 4);
INSERT INTO "PROJECT"."EMPLOYEELABOURCHARGERATE" 
	("EMPID", "LABOURCHARGERATEID", "STARTCHGRATETSWEEKID", "ENDCHGRATETSWEEKID")
	values(108, 13, 3, 4);
INSERT INTO "PROJECT"."EMPLOYEELABOURCHARGERATE" 
	("EMPID", "LABOURCHARGERATEID", "STARTCHGRATETSWEEKID", "ENDCHGRATETSWEEKID")
	values(109, 13, 3, 4);
INSERT INTO "PROJECT"."EMPLOYEELABOURCHARGERATE" 
	("EMPID", "LABOURCHARGERATEID", "STARTCHGRATETSWEEKID", "ENDCHGRATETSWEEKID")
	values(110, 14, 3, 4);
INSERT INTO "PROJECT"."EMPLOYEELABOURCHARGERATE" 
	("EMPID", "LABOURCHARGERATEID", "STARTCHGRATETSWEEKID", "ENDCHGRATETSWEEKID")
	values(111, 14, 3, 4);
INSERT INTO "PROJECT"."EMPLOYEELABOURCHARGERATE" 
	("EMPID", "LABOURCHARGERATEID", "STARTCHGRATETSWEEKID", "ENDCHGRATETSWEEKID")
	values(112, 15, 3, 4);

INSERT INTO "PROJECT"."EMPLOYEELABOURCHARGERATE" 
	("EMPID", "LABOURCHARGERATEID", "STARTCHGRATETSWEEKID", "ENDCHGRATETSWEEKID")
	values(100, 17, 5, 6);
INSERT INTO "PROJECT"."EMPLOYEELABOURCHARGERATE" 
	("EMPID", "LABOURCHARGERATEID", "STARTCHGRATETSWEEKID", "ENDCHGRATETSWEEKID")
	values(101, 17, 5, null);
INSERT INTO "PROJECT"."EMPLOYEELABOURCHARGERATE" 
	("EMPID", "LABOURCHARGERATEID", "STARTCHGRATETSWEEKID", "ENDCHGRATETSWEEKID")
	values(102, 18, 5, 6);
INSERT INTO "PROJECT"."EMPLOYEELABOURCHARGERATE" 
	("EMPID", "LABOURCHARGERATEID", "STARTCHGRATETSWEEKID", "ENDCHGRATETSWEEKID")
	values(103, 18, 5, null);
INSERT INTO "PROJECT"."EMPLOYEELABOURCHARGERATE" 
	("EMPID", "LABOURCHARGERATEID", "STARTCHGRATETSWEEKID", "ENDCHGRATETSWEEKID")
	values(104, 19, 5, null);
INSERT INTO "PROJECT"."EMPLOYEELABOURCHARGERATE" 
	("EMPID", "LABOURCHARGERATEID", "STARTCHGRATETSWEEKID", "ENDCHGRATETSWEEKID")
	values(105, 20, 5, null);
INSERT INTO "PROJECT"."EMPLOYEELABOURCHARGERATE" 
	("EMPID", "LABOURCHARGERATEID", "STARTCHGRATETSWEEKID", "ENDCHGRATETSWEEKID")
	values(106, 20, 5, null);
INSERT INTO "PROJECT"."EMPLOYEELABOURCHARGERATE" 
	("EMPID", "LABOURCHARGERATEID", "STARTCHGRATETSWEEKID", "ENDCHGRATETSWEEKID")
	values(107, 21, 5, null);
INSERT INTO "PROJECT"."EMPLOYEELABOURCHARGERATE" 
	("EMPID", "LABOURCHARGERATEID", "STARTCHGRATETSWEEKID", "ENDCHGRATETSWEEKID")
	values(108, 22, 5, null);
INSERT INTO "PROJECT"."EMPLOYEELABOURCHARGERATE" 
	("EMPID", "LABOURCHARGERATEID", "STARTCHGRATETSWEEKID", "ENDCHGRATETSWEEKID")
	values(109, 22, 5, null);
INSERT INTO "PROJECT"."EMPLOYEELABOURCHARGERATE" 
	("EMPID", "LABOURCHARGERATEID", "STARTCHGRATETSWEEKID", "ENDCHGRATETSWEEKID")
	values(110, 23, 5, null);
INSERT INTO "PROJECT"."EMPLOYEELABOURCHARGERATE" 
	("EMPID", "LABOURCHARGERATEID", "STARTCHGRATETSWEEKID", "ENDCHGRATETSWEEKID")
	values(111, 23, 5, null);
INSERT INTO "PROJECT"."EMPLOYEELABOURCHARGERATE" 
	("EMPID", "LABOURCHARGERATEID", "STARTCHGRATETSWEEKID", "ENDCHGRATETSWEEKID")
	values(112, 24, 5, null);

/* BEGIN ROLE INSERTIONS ********************************* */

INSERT INTO "PROJECT"."ROLE" 
	("ID", "NAME")
	values(null, 'Project Manager');
INSERT INTO "PROJECT"."ROLE" 
	("ID", "NAME")
	values(null, 'Responsible Engineer');
INSERT INTO "PROJECT"."ROLE" 
	("ID", "NAME")
	values(null, 'Timesheet Approver');
INSERT INTO "PROJECT"."ROLE" 
	("ID", "NAME")
	values(null, 'Project Assistant');
INSERT INTO "PROJECT"."ROLE" 
	("ID", "NAME")
	values(null, 'Human Resources');
INSERT INTO "PROJECT"."ROLE" 
	("ID", "NAME")
	values(null, 'Employee');

/* BEGIN PROJECT INSERTIONS ********************************* */

INSERT INTO "PROJECT"."PROJECT" 
	("ID", "NAME", "STATUS", "STARTDATE", "LABOURRATEMARKUP", "CUSTOMER", "DESCRIPTION")
	values('1000', 'Project One', 'Ongoing', '21-May-2009', null, 'Rubble Corp.', 'This is Freds project.');
INSERT INTO "PROJECT"."PROJECT" 
	("ID", "NAME", "STATUS", "STARTDATE", "LABOURRATEMARKUP", "CUSTOMER", "DESCRIPTION")
	values('2000', 'Project Two', 'Ongoing', '25-Jun-2010', null, 'Burns Power Corp.', 'This is Mr Burns project.');
INSERT INTO "PROJECT"."PROJECT" 
	("ID", "NAME", "STATUS", "STARTDATE", "LABOURRATEMARKUP", "CUSTOMER", "DESCRIPTION")
	values('3000', 'Project Three', 'Ongoing', '25-Jan-2011', null, 'Jetson Inc.', 'This is the Jetsons project.');

/* BEGIN PROJECTEMPLOYEE INSERTIONS ********************************* */

INSERT INTO "PROJECT"."PROJECTEMPLOYEE" 
	("EMPID", "PROJID")
	values(100, '1000');
INSERT INTO "PROJECT"."PROJECTEMPLOYEE" 
	("EMPID", "PROJID")
	values(101, '1000');
INSERT INTO "PROJECT"."PROJECTEMPLOYEE" 
	("EMPID", "PROJID")
	values(102, '1000');
INSERT INTO "PROJECT"."PROJECTEMPLOYEE" 
	("EMPID", "PROJID")
	values(105, '1000');
INSERT INTO "PROJECT"."PROJECTEMPLOYEE" 
	("EMPID", "PROJID")
	values(108, '1000');
INSERT INTO "PROJECT"."PROJECTEMPLOYEE" 
	("EMPID", "PROJID")
	values(109, '1000');
INSERT INTO "PROJECT"."PROJECTEMPLOYEE" 
	("EMPID", "PROJID")
	values(106, '2000');
INSERT INTO "PROJECT"."PROJECTEMPLOYEE" 
	("EMPID", "PROJID")
	values(101, '2000');
INSERT INTO "PROJECT"."PROJECTEMPLOYEE" 
	("EMPID", "PROJID")
	values(111, '2000');
INSERT INTO "PROJECT"."PROJECTEMPLOYEE" 
	("EMPID", "PROJID")
	values(108, '2000');
INSERT INTO "PROJECT"."PROJECTEMPLOYEE" 
	("EMPID", "PROJID")
	values(102, '2000');
INSERT INTO "PROJECT"."PROJECTEMPLOYEE" 
	("EMPID", "PROJID")
	values(104, '2000');
INSERT INTO "PROJECT"."PROJECTEMPLOYEE" 
	("EMPID", "PROJID")
	values(101, '3000');
INSERT INTO "PROJECT"."PROJECTEMPLOYEE" 
	("EMPID", "PROJID")
	values(103, '3000');
INSERT INTO "PROJECT"."PROJECTEMPLOYEE" 
	("EMPID", "PROJID")
	values(107, '3000');
INSERT INTO "PROJECT"."PROJECTEMPLOYEE" 
	("EMPID", "PROJID")
	values(109, '3000');
INSERT INTO "PROJECT"."PROJECTEMPLOYEE" 
	("EMPID", "PROJID")
	values(106, '3000');
INSERT INTO "PROJECT"."PROJECTEMPLOYEE" 
	("EMPID", "PROJID")
	values(108, '3000');

/* BEGIN EMPLOYEEROLES INSERTIONS ********************************* */

INSERT INTO "PROJECT"."EMPLOYEEROLES" 
	("EMPID", "PROJID", "ROLEID")
	values(100, '1000', 1);
INSERT INTO "PROJECT"."EMPLOYEEROLES" 
	("EMPID", "PROJID", "ROLEID")
	values(100, '1000', 6);
INSERT INTO "PROJECT"."EMPLOYEEROLES" 
	("EMPID", "PROJID", "ROLEID")
	values(101, '1000', 6);
INSERT INTO "PROJECT"."EMPLOYEEROLES" 
	("EMPID", "PROJID", "ROLEID")
	values(102, '1000', 6);
INSERT INTO "PROJECT"."EMPLOYEEROLES" 
	("EMPID", "PROJID", "ROLEID")
	values(105, '1000', 2);
INSERT INTO "PROJECT"."EMPLOYEEROLES" 
	("EMPID", "PROJID", "ROLEID")
	values(105, '1000', 6);
INSERT INTO "PROJECT"."EMPLOYEEROLES" 
	("EMPID", "PROJID", "ROLEID")
	values(108, '1000', 6);
INSERT INTO "PROJECT"."EMPLOYEEROLES" 
	("EMPID", "PROJID", "ROLEID")
	values(109, '1000', 4);
INSERT INTO "PROJECT"."EMPLOYEEROLES" 
	("EMPID", "PROJID", "ROLEID")
	values(109, '1000', 6);

INSERT INTO "PROJECT"."EMPLOYEEROLES" 
	("EMPID", "PROJID", "ROLEID")
	values(106, '2000', 1);
INSERT INTO "PROJECT"."EMPLOYEEROLES" 
	("EMPID", "PROJID", "ROLEID")
	values(106, '2000', 6);
INSERT INTO "PROJECT"."EMPLOYEEROLES" 
	("EMPID", "PROJID", "ROLEID")
	values(110, '2000', 4);
INSERT INTO "PROJECT"."EMPLOYEEROLES" 
	("EMPID", "PROJID", "ROLEID")
	values(110, '2000', 6);
INSERT INTO "PROJECT"."EMPLOYEEROLES" 
	("EMPID", "PROJID", "ROLEID")
	values(111, '2000', 6);
INSERT INTO "PROJECT"."EMPLOYEEROLES" 
	("EMPID", "PROJID", "ROLEID")
	values(108, '2000', 6);
INSERT INTO "PROJECT"."EMPLOYEEROLES" 
	("EMPID", "PROJID", "ROLEID")
	values(102, '2000', 2);
INSERT INTO "PROJECT"."EMPLOYEEROLES" 
	("EMPID", "PROJID", "ROLEID")
	values(102, '2000', 6);
INSERT INTO "PROJECT"."EMPLOYEEROLES" 
	("EMPID", "PROJID", "ROLEID")
	values(104, '2000', 6);

INSERT INTO "PROJECT"."EMPLOYEEROLES" 
	("EMPID", "PROJID", "ROLEID")
	values(101, '3000', 1);
INSERT INTO "PROJECT"."EMPLOYEEROLES" 
	("EMPID", "PROJID", "ROLEID")
	values(101, '3000', 6);
INSERT INTO "PROJECT"."EMPLOYEEROLES" 
	("EMPID", "PROJID", "ROLEID")
	values(103, '3000', 4);
INSERT INTO "PROJECT"."EMPLOYEEROLES" 
	("EMPID", "PROJID", "ROLEID")
	values(103, '3000', 6);
INSERT INTO "PROJECT"."EMPLOYEEROLES" 
	("EMPID", "PROJID", "ROLEID")
	values(109, '3000', 6);
INSERT INTO "PROJECT"."EMPLOYEEROLES" 
	("EMPID", "PROJID", "ROLEID")
	values(106, '3000', 6);
INSERT INTO "PROJECT"."EMPLOYEEROLES" 
	("EMPID", "PROJID", "ROLEID")
	values(108, '3000', 2);
INSERT INTO "PROJECT"."EMPLOYEEROLES" 
	("EMPID", "PROJID", "ROLEID")
	values(108, '3000', 6);

/* BEGIN RATESHEET INSERTIONS ********************************* */

INSERT INTO "PROJECT"."RATESHEET" 
	("ID", "PROJID", "PROJMANAGERID")
	values(null, '1000', 100);
INSERT INTO "PROJECT"."RATESHEET" 
	("ID", "PROJID", "PROJMANAGERID")
	values(null, '2000', 106);
INSERT INTO "PROJECT"."RATESHEET" 
	("ID", "PROJID", "PROJMANAGERID")
	values(null, '3000', 101);

/* BEGIN WORKPACKAGE INSERTIONS ********************************* */

INSERT INTO "PROJECT"."WORKPACKAGE" 
	("ID", "PROJID", "PARENTID", "STATUS",
		"RESPONSIBLEENGINEERID", "NAME", "STARTDATE",
		"DESCRIPTION")
	values('.', '1000', '.', 'Ongoing',
		105, 'Rock Counter Top Package ROOT', '21-May-2009',
		'To create a software suite capable of tracking rocks crushed by dinosaurs');

INSERT INTO "PROJECT"."WORKPACKAGE" 
	("ID", "PROJID", "PARENTID", "STATUS",
		"RESPONSIBLEENGINEERID", "NAME", "STARTDATE",
		"DESCRIPTION")
	values('a', '1000', '.', 'Ongoing',
		105, 'Rock Counter Top Package', '21-May-2009',
		'To create a software suite capable of tracking rocks crushed by dinosaurs');

INSERT INTO "PROJECT"."WORKPACKAGE" 
	("ID", "PROJID", "PARENTID", "STATUS", 
		"RESPONSIBLEENGINEERID", "NAME", "STARTDATE",
		"DESCRIPTION")
	values('aa', '1000', 'a', 'Ongoing',
		105, 'Rock Counting Interfaces', '21-May-2009',
		'Create a set of interfaces with keys big enough for dinosoaur feet.');

INSERT INTO "PROJECT"."WORKPACKAGE" 
	("ID", "PROJID", "PARENTID", "STATUS", 
		"RESPONSIBLEENGINEERID", "NAME", "STARTDATE",
		"DESCRIPTION")
	values('aaa', '1000', 'aa', 'Costing', 
		105, 'Rock Counting Manual Interface', '21-May-2009',
		'To create some very large buttons.');

INSERT INTO "PROJECT"."WORKPACKAGE" 
	("ID", "PROJID", "PARENTID", "STATUS", 
		"RESPONSIBLEENGINEERID", "NAME", "STARTDATE",
		"DESCRIPTION")
	values('aab', '1000', 'aa', 'Costing', 
		105, 'Rock Counting Abacus', '21-May-2009',
		'To create the rock abacus.');

INSERT INTO "PROJECT"."WORKPACKAGE" 
	("ID", "PROJID", "PARENTID", "STATUS", 
		"RESPONSIBLEENGINEERID", "NAME", "STARTDATE",
		"DESCRIPTION")
	values('.', '2000', '.', 'Ongoing',
		106, 'Accounting Management Software ROOT', '25-Jun-2010',
		'To create accounting software to overbill customers');

INSERT INTO "PROJECT"."WORKPACKAGE" 
	("ID", "PROJID", "PARENTID", "STATUS", 
		"RESPONSIBLEENGINEERID", "NAME", "STARTDATE",
		"DESCRIPTION")
	values('a', '2000', '.', 'Ongoing',
		106, 'Accounting Management Software Top Package', '25-Jun-2010',
		'To create accounting software to overbill customers');

INSERT INTO "PROJECT"."WORKPACKAGE" 
	("ID", "PROJID", "PARENTID", "STATUS",
		"RESPONSIBLEENGINEERID", "NAME", "STARTDATE",
		"DESCRIPTION")
	values('aa', '2000', 'a', 'Ongoing', 
		106, 'Accounting Management Interface', '25-Jun-2010',
		'To create a random lying generator interface.');

INSERT INTO "PROJECT"."WORKPACKAGE" 
	("ID", "PROJID", "PARENTID", "STATUS", 
		"RESPONSIBLEENGINEERID", "NAME", "STARTDATE",
		"DESCRIPTION")
	values('aaa', '2000', 'aa', 'Budgeting', 
		106, 'Lying Graphical Interface', '25-Jun-2010',
		'To create an interface that presents a sweet innocent face.');

INSERT INTO "PROJECT"."WORKPACKAGE" 
	("ID", "PROJID", "PARENTID", "STATUS",
		"RESPONSIBLEENGINEERID", "NAME", "STARTDATE",
		"DESCRIPTION")
	values('aab', '2000', 'aa', 'Budgeting', 
		106, 'Accounting Management Algorithms', '25-Jun-2010',
		'Create the algorithms to fleece the clients');

INSERT INTO "PROJECT"."WORKPACKAGE" 
	("ID", "PROJID", "PARENTID", "STATUS", 
		"RESPONSIBLEENGINEERID", "NAME", "STARTDATE",
		"DESCRIPTION")
	values('.', '3000', '.', 'Ongoing', 
		101, 'Interstellar Travel Planner ROOT', '25-Jan-2011',
		'To create a star map guide to the galaxy');

INSERT INTO "PROJECT"."WORKPACKAGE" 
	("ID", "PROJID", "PARENTID", "STATUS", 
		"RESPONSIBLEENGINEERID", "NAME", "STARTDATE",
		"DESCRIPTION")
	values('a', '3000', '.', 'Ongoing', 
		101, 'Interstellar Travel Planner', '25-Jan-2011',
		'To create a star map guide to the galaxy');

INSERT INTO "PROJECT"."WORKPACKAGE" 
	("ID", "PROJID", "PARENTID", "STATUS", 
		"RESPONSIBLEENGINEERID", "NAME", "STARTDATE",
		"DESCRIPTION")
	values('aa', '3000', 'a', 'Ongoing', 
		101, 'Interstellar Travel Interface', '25-Jan-2011',
		'To create a holographic interface');

INSERT INTO "PROJECT"."WORKPACKAGE" 
	("ID", "PROJID", "PARENTID", "STATUS",
		"RESPONSIBLEENGINEERID", "NAME", "STARTDATE",
		"DESCRIPTION")
	values('aaa', '3000', 'aa', 'Ongoing', 
		101, 'Interstellar Map Software', '25-Jan-2011',
		'Create a database of all known planets.');

INSERT INTO "PROJECT"."WORKPACKAGE" 
	("ID", "PROJID", "PARENTID", "STATUS",
		"RESPONSIBLEENGINEERID", "NAME", "STARTDATE",
		"DESCRIPTION")
	values('aab', '3000', 'aa', 'Budgeting', 
		101, 'Interstellar Void', '25-Jan-2011',
		'Going to need a worm hole to speed up travel.');


/* BEGIN WORKPACKAGEEMPLOYEESASSIGNED INSERTIONS ********************************* */

INSERT INTO "PROJECT"."WORKPACKAGEEMPLOYEESASSIGNED" 
	("WPID", "PROJID", "EMPID")
	values('aaa', '1000', 100);
INSERT INTO "PROJECT"."WORKPACKAGEEMPLOYEESASSIGNED" 
	("WPID", "PROJID", "EMPID")
	values('aaa', '1000', 101);
INSERT INTO "PROJECT"."WORKPACKAGEEMPLOYEESASSIGNED" 
	("WPID", "PROJID", "EMPID")
	values('aaa', '1000', 102);
INSERT INTO "PROJECT"."WORKPACKAGEEMPLOYEESASSIGNED" 
	("WPID", "PROJID", "EMPID")
	values('aab', '1000', 105);
INSERT INTO "PROJECT"."WORKPACKAGEEMPLOYEESASSIGNED" 
	("WPID", "PROJID", "EMPID")
	values('aab', '1000', 108);
INSERT INTO "PROJECT"."WORKPACKAGEEMPLOYEESASSIGNED" 
	("WPID", "PROJID", "EMPID")
	values('aab', '1000', 109);

INSERT INTO "PROJECT"."WORKPACKAGEEMPLOYEESASSIGNED" 
	("WPID", "PROJID", "EMPID")
	values('aaa', '2000', 106);
INSERT INTO "PROJECT"."WORKPACKAGEEMPLOYEESASSIGNED" 
	("WPID", "PROJID", "EMPID")
	values('aaa', '2000', 110);
INSERT INTO "PROJECT"."WORKPACKAGEEMPLOYEESASSIGNED" 
	("WPID", "PROJID", "EMPID")
	values('aaa', '2000', 111);
INSERT INTO "PROJECT"."WORKPACKAGEEMPLOYEESASSIGNED" 
	("WPID", "PROJID", "EMPID")
	values('aab', '2000', 108);
INSERT INTO "PROJECT"."WORKPACKAGEEMPLOYEESASSIGNED" 
	("WPID", "PROJID", "EMPID")
	values('aab', '2000', 102);
INSERT INTO "PROJECT"."WORKPACKAGEEMPLOYEESASSIGNED" 
	("WPID", "PROJID", "EMPID")
	values('aab', '2000', 104);

INSERT INTO "PROJECT"."WORKPACKAGEEMPLOYEESASSIGNED" 
	("WPID", "PROJID", "EMPID")
	values('aaa', '3000', 101);
INSERT INTO "PROJECT"."WORKPACKAGEEMPLOYEESASSIGNED" 
	("WPID", "PROJID", "EMPID")
	values('aaa', '3000', 103);
INSERT INTO "PROJECT"."WORKPACKAGEEMPLOYEESASSIGNED" 
	("WPID", "PROJID", "EMPID")
	values('aaa', '3000', 107);
INSERT INTO "PROJECT"."WORKPACKAGEEMPLOYEESASSIGNED" 
	("WPID", "PROJID", "EMPID")
	values('aab', '3000', 109);
INSERT INTO "PROJECT"."WORKPACKAGEEMPLOYEESASSIGNED" 
	("WPID", "PROJID", "EMPID")
	values('aab', '3000', 106);
INSERT INTO "PROJECT"."WORKPACKAGEEMPLOYEESASSIGNED" 
	("WPID", "PROJID", "EMPID")
	values('aab', '3000', 108);

/** Enter a timesheet for a test user case */

INSERT INTO "PROJECT"."TIMESHEET" 
	("ID", "EMPID", "WEEKID", "SUBMITTED", "APPROVERID", "APPROVEDBYELECSIGNATUREDATE",
		"EMPELECSIGNATUREDATE")
	values(null, 101, 1, 0, 100, '3-Jan-2011', '6-Jan-2011');

/** Some timesheetentry items for the sample timesheet */

INSERT INTO "PROJECT"."TIMESHEETENTRY" 
	("ID", "TSID", "PROJID", "WPID", "SATHOURS", "SUNHOURS",
		"MONHOURS", "TUEHOURS", "WEDHOURS",
		"THUHOURS", "FRIHOURS", "NOTES")
	values(null, 1, '1000', 'aaa', '1.1', '1.2', '1.3', '1.4', '1.5', '1.6', '1.7', 
			'Was late monday, dock him some pay.');
INSERT INTO "PROJECT"."TIMESHEETENTRY" 
	("ID", "TSID", "PROJID", "WPID", "SATHOURS", "SUNHOURS",
		"MONHOURS", "TUEHOURS", "WEDHOURS",
		"THUHOURS", "FRIHOURS", "NOTES")
	values(null, 1, '1000', 'aab', '2.1', '2.2', '2.3', '2.4', '2.5', '2.6', '2.7', 
			'Was late tuesday, dock him some pay.');
INSERT INTO "PROJECT"."TIMESHEETENTRY" 
	("ID", "TSID", "PROJID", "WPID", "SATHOURS", "SUNHOURS",
		"MONHOURS", "TUEHOURS", "WEDHOURS",
		"THUHOURS", "FRIHOURS", "NOTES")
	values(null, 1, '2000', 'aaa', '3.1', '3.2', '3.3', '3.4', '3.5', '3.6', '3.7', 
			'Was late wednesday, dock him some pay.');
INSERT INTO "PROJECT"."TIMESHEETENTRY" 
	("ID", "TSID", "PROJID", "WPID", "SATHOURS", "SUNHOURS",
		"MONHOURS", "TUEHOURS", "WEDHOURS",
		"THUHOURS", "FRIHOURS", "NOTES")
	values(null, 1, '2000', 'aab', '4.1', '4.2', '4.3', '4.4', '4.5', '4.6', '4.7', 
			'Was late thursday, dock him some pay.');
INSERT INTO "PROJECT"."TIMESHEETENTRY" 
	("ID", "TSID", "PROJID", "WPID", "SATHOURS", "SUNHOURS",
		"MONHOURS", "TUEHOURS", "WEDHOURS",
		"THUHOURS", "FRIHOURS", "NOTES")
	values(null, 1, '3000', 'aaa', '5.1', '5.2', '5.3', '5.4', '5.5', '5.6', '5.7', 
			'Was late friday, dock him some pay.');
INSERT INTO "PROJECT"."TIMESHEETENTRY" 
	("ID", "TSID", "PROJID", "WPID", "SATHOURS", "SUNHOURS",
		"MONHOURS", "TUEHOURS", "WEDHOURS",
		"THUHOURS", "FRIHOURS", "NOTES")
	values(null, 1, '3000', 'aab', '6.1', '6.2', '6.3', '6.4', '6.5', '6.6', '6.7', 
			'Was late all week, dock him some pay.');
			